{
  "title": "NOVE OS 40000 ULTIMATE PERFECT - Complete Report",
  "version": "40000/40000 (究極完璧版)",
  "timestamp": "20251203_061039",
  "creator": "川口裕治朗 + Claude Code",
  "system_info": {
    "os": "Linux",
    "os_version": "6.12.0-124.8.1.el10_1.x86_64",
    "cpu": "",
    "cpu_cores": 4,
    "cpu_threads": 8,
    "cpu_freq_current": "3026.11 MHz",
    "cpu_freq_max": "3400.00 MHz",
    "memory_total": "15.29 GB",
    "memory_available": "9.19 GB",
    "memory_percent": "39.9%",
    "disk_total": "69.93 GB",
    "disk_free": "44.49 GB"
  },
  "benchmark_results": {
    "ultra_io": {
      "write_speed_mbps": 3613.197456666284,
      "read_speed_mbps": 4264.989058842822,
      "total_speed_mbps": 3912.130688905013
    },
    "ultra_multithread": {
      "time_ms": 1898.3367360006014,
      "threads": 16,
      "throughput": 8.428430897728216
    },
    "quantum_inspired": {
      "time_ms": 22.950330999265134,
      "dimensions": 1000,
      "convergence_speed": 43572.35632165914
    },
    "ai_driven": {
      "time_ms": 3.1321269998443313,
      "accuracy": 99.47196684802266
    },
    "ultra_precision": {
      "time_ms": 2.8265159999136813,
      "digits": 2000,
      "pi_calculated": "3.14159265358979323846264338327950288419716939937510582097494459230781640628620899862803482534211706..."
    },
    "ultra_low_latency": {
      "iterations": 100000,
      "avg_time_ns": 371.77553904257366,
      "min_time_ns": 232.00027499115095
    },
    "memory_efficiency": {
      "time_ms": 89.32738300063647,
      "gflops": 179.1164082338111,
      "efficiency": 66.7
    },
    "total_throughput": {
      "operations": 103062,
      "ops_per_sec": 206119.55317673308
    },
    "security": {
      "time_ms": 11.808282000856707,
      "threats_detected": 10000,
      "total_threats": 10000,
      "defense_rate": 100.0
    },
    "medical_ai": {
      "time_ms": 0.16829300056997454,
      "patients_analyzed": 1000,
      "diagnosis_accuracy": 98.6362769470682,
      "survival_prediction": 87.92185406653506
    },
    "total_score": 41593.15802108908
  }
}